{"cameraMode":{"drawMode":0,"name":"Shaded","section":"Shading Mode"},"sceneLighting":true,"audioPlay":false,"sceneViewState":{"m_AlwaysRefresh":false,"showFog":true,"showSkybox":true,"showFlares":true,"showImageEffects":true,"showParticleSystems":true,"showVisualEffectGraphs":true,"m_FxEnabled":true},"in2DMode":false,"pivot":{"x":-0.18247967958450318,"y":1.1783007383346558,"z":6.939996242523193},"rotation":{"x":0.06699152290821076,"y":0.8075734972953796,"z":-0.5784375667572022,"w":0.09352869540452957},"size":12.728521347045899,"orthographic":false}